{"UNK": 0.5, "journal-neo.org": -0.0022431583669807087, "rt.com": -0.006112606550022432, "coasttocoastam.com": -0.00123373710183939, "politicususa.com": -0.005607895917451772, "strategic-culture.org": -0.00044863167339614175, "worldnewspolitics.com": -0.00011215791834903544, "empireherald.com": -5.607895917451772e-05, "washingtonsblog.com": -0.008411843876177659, "geoengineeringwatch.org": -0.0015702108568864963, "spinzon.com": -0.00016823687752355316, "survivopedia.com": -0.0031404217137729925, "unz.com": -0.009813817855540601, "russia-insider.com": -0.010094212651413189, "endoftheamericandream.com": -0.002803947958725886, "indiaarising.com": -0.00016823687752355316, "abcnews.com.co": -0.00016823687752355316, "thedailymash.co.uk": -0.009253028263795425, "rumormillnews.com": -0.00011215791834903544, "westernjournalism.com": -0.000616868550919695, "thesleuthjournal.com": -0.009196949304620906, "blackagendareport.com": -0.009140870345446389, "anonhq.com": -0.002972184836249439, "collective-evolution.com": -0.007738896366083445, "ncscooper.com": -0.00011215791834903544, "gomerblog.com": -0.00033647375504710633, "theeventchronicle.com": -0.008580080753701211, "wundergroundmusic.com": -0.00011215791834903544, "wakingtimes.com": -0.0037012113055181696, "ewao.com": -0.00016823687752355316, "counterpunch.org": -0.009196949304620906, "naturalblaze.com": -0.009533423059668013, "the-newspapers.com": -5.607895917451772e-05, "theearthchild.co.za": -0.00033647375504710633, "truthkings.com": -0.00011215791834903544, "endingthefed.com": -0.0007290264692687303, "der-postillon.com": -0.006785554060116644, "dailysquib.co.uk": -0.0030843427545984748, "theonion.com": -0.005720053835800807, "satirewire.com": -0.00033647375504710633, "trueactivist.com": -0.00908479138627187, "amtvmedia.com": -0.009533423059668013, "in5d.com": -5.607895917451772e-05, "thecontroversialfiles.net": -0.00515926424405563, "ijr.com": -0.00515926424405563, "toprightnews.com": -0.00011215791834903544, "abeldanger.net": -0.0018506056527590848, "themindunleashed.com": -0.007290264692687304, "eutimes.net": -0.010655002243158367, "jewsnews.co.il": -0.00785105428443248, "hangthebankers.com": -0.000616868550919695, "ifyouonlynews.com": -0.007570659488559893, "truthdig.com": -0.00908479138627187, "pravdareport.com": -0.010430686406460296, "theeconomiccollapseblog.com": -0.003645132346343652, "secretsofthefed.com": -5.607895917451772e-05, "allnewspipeline.com": -0.00011215791834903544, "dennismichaellynch.com": -0.0010655002243158368, "dailywire.com": -0.0037572902646926874, "pakalertpress.com": -0.009533423059668013, "vdare.com": -0.008019291161956035, "southfront.org": -0.0005047106325706595, "truthbroadcastnetwork.com": -0.0031404217137729925, "libertyblitzkrieg.com": -0.001794526693584567, "moonofalabama.org": -0.0027478689995513684, "galacticconnection.com": -0.008804396590399282, "regated.com": -0.00016823687752355316, "godlikeproductions.com": -0.010767160161507403, "readynutrition.com": -0.002635711081202333, "govtslaves.info": -0.008467922835352176, "theunrealtimes.com": -0.004710632570659489, "adobochronicles.com": -0.0009533423059668013, "shtfplan.com": -0.005944369672498878, "thefederalistpapers.org": -0.008692238672050247, "usanewsflash.com": -5.607895917451772e-05, "mintpressnews.com": -0.008916554508748318, "21stcenturywire.com": -0.0006729475100942127, "therundownlive.com": -0.00011215791834903544, "winningdemocrats.com": -0.00011215791834903544, "theguardian.com": 1.0, "veteransnewsnow.com": -0.008524001794526694, "darkmoon.me": -0.0026917900403768506, "abovetopsecret.com": -0.010991475998205474, "rense.com": -0.00022431583669807088, "americasfreedomfighters.com": -0.00011215791834903544, "conservativedailypost.com": -0.0008411843876177658, "truthfeed.com": -0.0022431583669807087, "rinf.com": -0.009028712427097354, "freedomoutpost.com": -0.008972633467922835, "redstatewatcher.com": -5.607895917451772e-05, "sott.net": -0.01059892328398385, "waterfordwhispersnews.com": -0.008580080753701211, "corbettreport.com": -0.002635711081202333, "ahtribune.com": -0.005607895917451772, "usuncut.com": -0.0017384477344100494, "twitchy.com": -0.006673396141767609, "rbth.com": -0.008075370121130552, "departed.co": -0.0006729475100942127, "fort-russ.com": -0.010206370569762225, "zerohedge.com": -0.0015141318977119785, "truthandaction.org": -5.607895917451772e-05, "thedailysheeple.com": -0.008411843876177659, "thenewamerican.com": -0.009701659937191565, "prepperwebsite.com": -0.00016823687752355316, "worldtruth.tv": -0.008972633467922835, "off-guardian.org": -0.00039255271422162407, "addictinginfo.org": -0.0007851054284432481, "bignuggetnews.com": -5.607895917451772e-05, "voltairenet.org": -0.0038694481830417226, "betootaadvocate.com": -0.00016823687752355316, "elmundotoday.com": -0.006561238223418573, "fellowshipoftheminds.com": -0.008299685957828623, "donaldtrumpnews.co": -0.00033647375504710633, "activistpost.com": -0.005551816958277255, "magafeed.com": -0.00011215791834903544, "newsbiscuit.com": -0.008692238672050247, "whatreallyhappened.com": -0.0015141318977119785, "realfarmacy.com": -0.0070098698968147155, "100percentfedup.com": -0.0014580529385374607, "foreignpolicyjournal.com": -0.0022431583669807087, "theantimedia.org": -0.0005607895917451772, "infowars.com": -0.005607895917451772, "breitbart.com": -0.00033647375504710633, "nowtheendbegins.com": -0.006617317182593091, "bigbluevision.org": -5.607895917451772e-05, "disclose.tv": -0.010767160161507403, "newcenturytimes.com": -0.00039255271422162407, "katehon.com": -0.0008972633467922835, "liberalamerica.org": -0.007907133243607, "presstv.ir": -0.005495737999102737, "investmentwatchblog.com": -0.008411843876177659, "kingworldnews.com": -0.006785554060116644, "redflagnews.com": -0.001009421265141319, "ronpaulinstitute.org": -0.006056527590847914, "chronicle.su": -0.00044863167339614175, "sgtreport.com": -0.001009421265141319, "nakedcapitalism.com": -0.009645580978017048, "newstarget.com": -5.607895917451772e-05, "veteranstoday.com": -0.00863615971287573, "wikileaks.org": -0.0007290264692687303, "filmsforaction.org": -0.0070098698968147155, "amren.com": -0.009365186182144459, "henrymakow.com": -0.00011215791834903544, "shadowproof.com": -0.004598474652310453, "gulagbound.com": -0.0031404217137729925, "paulcraigroberts.org": -0.0041498429789143115, "thesaker.is": -0.0073463436518618214, "consciouslifenews.com": -0.00022431583669807088, "undergroundhealth.com": -0.0012898160610139075, "ufoholic.com": -5.607895917451772e-05, "dcclothesline.com": -0.007963212202781516, "antiwar.com": -0.009477344100493494, "greanvillepost.com": -0.008972633467922835, "thedailywtf.com": -0.0022431583669807087, "consortiumnews.com": -0.00689771197846568, "thefreethoughtproject.com": -0.007738896366083445, "usapoliticsnow.com": -0.00033647375504710633, "drudgereport.com": -0.00033647375504710633, "returnofkings.com": -0.005551816958277255, "morningnewsusa.com": -0.0009533423059668013, "naturalnews.com": -0.005607895917451772, "thespoof.com": -0.010542844324809331, "miniplanet.us": -5.607895917451772e-05, "defenddemocracy.press": -0.00011215791834903544, "globalresearch.ca": -5.607895917451772e-05, "presstv.com": -0.00039255271422162407, "thelastlineofdefense.org": -5.607895917451772e-05, "libertynews.com": -0.003028263795423957, "thepoke.co.uk": -0.008748317631224764, "russia-direct.org": -0.00196276357110812, "trunews.com": -0.010094212651413189, "anonews.co": -0.00033647375504710633, "other98.com": -0.00039255271422162407, "conservativetribune.com": -0.007963212202781516, "madworldnews.com": -0.007907133243607, "usviewer.com": -5.607895917451772e-05, "thecommonsenseshow.com": -0.009477344100493494, "pravda.ru": -0.005607895917451772, "barenakedislam.com": -0.008019291161956035, "americanlookout.com": -0.00016823687752355316, "wnd.com": -0.005607895917451772, "opednews.com": -0.010935397039030955, "fognews.ru": -0.0018506056527590848, "topinfopost.com": -0.008972633467922835,